report_id,workbook_sheet,toc_row,toc_section,toc_item,report_title,source_file,actual_title,decision,role,frequency,unit,reason
AN139900,AN139900,2,Commodity Section,Soybeans,SOYBEANS : World Supply and Demand ( Mn T ),AN139900.htm,"ISTA Mielke GmbH, OIL WORLD",adopted,primary or auxiliary mapping source,annual or market-year,various / see rows,完整市场年度或作物年度结构，且为固定范围内优先来源。
AN13991,AN13991,3,Commodity Section,Soybeans,"SOYBEANS : Summary of World Crushings, Exports and Imports - - Quarterly & Annual (1000 T)",AN13991.HTM,"SOYBEANS : Summary of World Crushings, Exports and Imports - - Quarterly & Annual (1000 T)",excluded,candidate not used,mixed/partial,1000 T,季度与年度混合摘要；完整年度已有更细主表，避免误纳部分期间。
AN13992,AN13992,4,Commodity Section,Soybeans,"SOYBEANS : World Crushings, Exports and Imports (1000 T)",AN13992.HTM,"SOYBEANS : World Crushings, Exports and Imports (1000 T)",adopted,primary or auxiliary mapping source,annual or market-year,1000 T,完整市场年度或作物年度结构，且为固定范围内优先来源。
AN13993,AN13993,5,Commodity Section,Soybeans,"SOYBEANS : World Production (1000T), Yields (T/ha) and Harvested Area (1000ha)",AN13993.HTM,"SOYBEANS : World Production (1000T), Yields (T/ha) and Harvested Area (1000ha)",adopted,primary or auxiliary mapping source,annual or market-year,1000 T,完整市场年度或作物年度结构，且为固定范围内优先来源。
AN1399X1,AN1399X1,10,Commodity Section,Soybeans,MONTHLY DATA: Soybean Crushings in Major Countries (1000 T),AN1399X1.HTM,U.S.A. : Soybean Crushings (1000 T),excluded,candidate not used,mixed/partial,1000 T,月度报表，不在本次完整市场年度范围。
AN1399X2,AN1399X2,11,Commodity Section,Soybeans,MONTHLY DATA: Soybean Exports of Major Countries (1000 T),AN1399X2.HTM,U.S.A. : Soybean Exports (1000 T),excluded,candidate not used,mixed/partial,1000 T,月度报表，不在本次完整市场年度范围。
AN147900,AN147900,37,Commodity Section,Sunflowerseed,SUNSEED : World Supply & Demand ( Mn T ),AN147900.htm,"ISTA Mielke GmbH, OIL WORLD",adopted,primary or auxiliary mapping source,annual or market-year,various / see rows,完整市场年度或作物年度结构，且为固定范围内优先来源。
AN14791,AN14791,38,Commodity Section,Sunflowerseed,"SUNFLOWERSEED : Summary of World Crushings, Exports and Imports - - Quarterly & Annual (1000 T)",AN14791.HTM,"SUNFLOWERSEED : Summary of World Crushings, Exports and Imports - - Quarterly & Annual (1000 T)",excluded,candidate not used,mixed/partial,1000 T,季度与年度混合摘要；完整年度已有更细主表，避免误纳部分期间。
AN14792,AN14792,39,Commodity Section,Sunflowerseed,"SUNFLOWERSEED : World Crushings, Exports and Imports (1000 T)",AN14792.HTM,"SUNFLOWERSEED : World Crushings, Exports and Imports (1000 T)",adopted,primary or auxiliary mapping source,annual or market-year,1000 T,完整市场年度或作物年度结构，且为固定范围内优先来源。
AN14793,AN14793,40,Commodity Section,Sunflowerseed,"SUNFLOWERSEED : World Production (1000T), Yields (T/ha) and Harvested Area (1000ha)",AN14793.HTM,"SUNFLOWERSEED : World Production (1000T), Yields (T/ha) and Harvested Area (1000ha)",adopted,primary or auxiliary mapping source,annual or market-year,1000 T,完整市场年度或作物年度结构，且为固定范围内优先来源。
AN1479X1,AN1479X1,43,Commodity Section,Sunflowerseed,MONTHLY DATA: Sunflowerseed Crushings of Major Countries (1000 T),AN1479X1.HTM,EU-27 : Sunflowerseed Crushings (1000 T),excluded,candidate not used,mixed/partial,1000 T,月度报表，不在本次完整市场年度范围。
AN1479X2,AN1479X2,44,Commodity Section,Sunflowerseed,MONTHLY DATA: Sunflowerseed Exports of Major Countries (1000 T),AN1479X2.HTM,Bulgaria : Sunflowerseed Exports (1000 T),excluded,candidate not used,mixed/partial,1000 T,月度报表，不在本次完整市场年度范围。
AN149900,AN149900,49,Commodity Section,Rapeseed,RAPESEED & CANOLA: World Supply & Demand (Mn T),AN149900.htm,"ISTA Mielke GmbH, OIL WORLD",adopted,primary or auxiliary mapping source,annual or market-year,various / see rows,完整市场年度或作物年度结构，且为固定范围内优先来源。
AN14991,AN14991,50,Commodity Section,Rapeseed,"RAPESEED / CANOLA : Summary of World Crushings, Exports and Imports - - Quarterly & Annual (1000 T)",AN14991.HTM,"RAPESEED / CANOLA : Summary of World Crushings, Exports and Imports - - Quarterly & Annual (1000 T)",excluded,candidate not used,mixed/partial,1000 T,季度与年度混合摘要；完整年度已有更细主表，避免误纳部分期间。
AN14992,AN14992,51,Commodity Section,Rapeseed,"RAPESEED / CANOLA : World Crushings, Exports and Imports (1000 T)",AN14992.HTM,"RAPESEED / CANOLA : World Crushings, Exports and Imports (1000 T)",adopted,primary or auxiliary mapping source,annual or market-year,1000 T,完整市场年度或作物年度结构，且为固定范围内优先来源。
AN14993,AN14993,52,Commodity Section,Rapeseed,"RAPESEED / CANOLA : World Production (1000T), Yields (T/ha) and Harvested Area (1000ha)",AN14993.HTM,"RAPESEED / CANOLA : World Production (1000T), Yields (T/ha) and Harvested Area (1000ha)",adopted,primary or auxiliary mapping source,annual or market-year,1000 T,完整市场年度或作物年度结构，且为固定范围内优先来源。
AN1499X1,AN1499X1,54,Commodity Section,Rapeseed,"MONTHLY DATA: Canadian Canola Balance, Crushings & Exports (1000 T)",AN1499X1.HTM,CANADA : Rapeseed/Canola Balance (1000 T),excluded,candidate not used,mixed/partial,1000 T,月度报表，不在本次完整市场年度范围。
AN1499X2,AN1499X2,55,Commodity Section,Rapeseed,MONTHLY DATA: Australian Canola Balance & Exports (1000 T),AN1499X2.HTM,AUSTRALIA : Rapeseed Balance (1000 T),excluded,candidate not used,mixed/partial,1000 T,月度报表，不在本次完整市场年度范围。
AN1499X3,AN1499X3,56,Commodity Section,Rapeseed,"MONTHLY DATA: EU-27 Rapeseed Balance, Crushings & Trade (1000 T)",AN1499X3.HTM,EU - 27 : Summary of Rapeseed Supply & Demand (1000 T),excluded,candidate not used,mixed/partial,1000 T,月度报表，不在本次完整市场年度范围。
AN23991,AN23991,101,Commodity Section,Soybean oil,SOYBEAN OIL : Summary World Supply and Demand Balance - - - Quarterly & Annual (1000 T),AN23991.HTM,SOYBEAN OIL : Summary World Supply and Demand Balance - - - Quarterly & Annual (1000 T),excluded,candidate not used,mixed/partial,1000 T,季度与年度混合摘要；完整年度已有更细主表，避免误纳部分期间。
AN23992,AN23992,102,Commodity Section,Soybean oil,SOYBEAN OIL : World Supply and Demand Balance (1000 T),AN23992.HTM,SOYBEAN OIL : World Supply and Demand Balance (1000 T),adopted,primary or auxiliary mapping source,annual or market-year,1000 T,完整市场年度或作物年度结构，且为固定范围内优先来源。
AN2399X1,AN2399X1,108,Commodity Section,Soybean oil,MONTHLY DATA: Soybean Oil Production of Key Countries (1000 T),AN2399X1.HTM,U.S.A. : Soybean oil Production (1000 T),excluded,candidate not used,mixed/partial,1000 T,月度报表，不在本次完整市场年度范围。
AN2399X2,AN2399X2,109,Commodity Section,Soybean oil,MONTHLY DATA: Soybean Oil Exports of Key Countries (1000 T),AN2399X2.HTM,Russia : Soybean oil Exports (1000 T),excluded,candidate not used,mixed/partial,1000 T,月度报表，不在本次完整市场年度范围。
AN2399X3,AN2399X3,110,Commodity Section,Soybean oil,MONTHLY DATA: Soybean Oil Imports of Key Countries (1000 T),AN2399X3.HTM,Algeria : Soybean oil Imports (1000 T),excluded,candidate not used,mixed/partial,1000 T,月度报表，不在本次完整市场年度范围。
AN2399X4,AN2399X4,111,Commodity Section,Soybean oil,MONTHLY DATA: Soybean Oil Stocks of Key Countries (1000 T),AN2399X4.HTM,U.S.A. : Soybean oil End.stocks (1000 T),excluded,candidate not used,mixed/partial,1000 T,月度报表，不在本次完整市场年度范围。
AN2399X5,AN2399X5,112,Commodity Section,Soybean oil,MONTHLY DATA: EU-27 Soybean Oil Trade with Non-EU Countries (1000 T),AN2399X5.HTM,EU-27 : Soybean oil Imports from non-EU Countries (1000 T),excluded,candidate not used,mixed/partial,1000 T,月度报表，不在本次完整市场年度范围。
AN24791,AN24791,128,Commodity Section,Sunfloweroil,SUNFLOWER OIL : Summary World Supply and Demand Balance - - Quarterly & Annual (1000 T),AN24791.HTM,SUNFLOWER OIL : Summary World Supply and Demand Balance - - Quarterly & Annual (1000 T),excluded,candidate not used,mixed/partial,1000 T,季度与年度混合摘要；完整年度已有更细主表，避免误纳部分期间。
AN24792,AN24792,129,Commodity Section,Sunfloweroil,SUNFLOWER OIL : World Supply and Demand Balance (1000 T),AN24792.HTM,SUNFLOWER OIL : World Supply and Demand Balance (1000 T),adopted,primary or auxiliary mapping source,annual or market-year,1000 T,完整市场年度或作物年度结构，且为固定范围内优先来源。
AN2479X1,AN2479X1,132,Commodity Section,Sunfloweroil,MONTHLY DATA: Sunflower Oil Production of Key Countries (1000 T),AN2479X1.HTM,EU-27 : Sunfloweroil Production (1000 T),excluded,candidate not used,mixed/partial,1000 T,月度报表，不在本次完整市场年度范围。
AN2479X2,AN2479X2,133,Commodity Section,Sunfloweroil,MONTHLY DATA: Sunflower Oil Exports of Major Countries (1000 T),AN2479X2.HTM,Kazakhstan : Sunfloweroil Exports (1000 T),excluded,candidate not used,mixed/partial,1000 T,月度报表，不在本次完整市场年度范围。
AN2479X3,AN2479X3,134,Commodity Section,Sunfloweroil,MONTHLY DATA: Sunflower Oil Imports of Major Countries (1000 T),AN2479X3.HTM,Algeria : Sunfloweroil Imports (1000 T),excluded,candidate not used,mixed/partial,1000 T,月度报表，不在本次完整市场年度范围。
AN2479X4,AN2479X4,135,Commodity Section,Sunfloweroil,MONTHLY DATA: EU-27 Sunflower Oil Trade with Non-EU Countries (1000 T),AN2479X4.HTM,EU-27 : Sunfloweroil Imports from non-EU Countries (1000 T),excluded,candidate not used,mixed/partial,1000 T,月度报表，不在本次完整市场年度范围。
AN24991,AN24991,140,Commodity Section,Rapeseed oil,RAPESEED OIL : Summary World Supply and Demand Balance - - Quarterly & Annual (1000 T),AN24991.HTM,RAPESEED OIL : Summary World Supply and Demand Balance - - Quarterly & Annual (1000 T),excluded,candidate not used,mixed/partial,1000 T,季度与年度混合摘要；完整年度已有更细主表，避免误纳部分期间。
AN24992,AN24992,141,Commodity Section,Rapeseed oil,RAPESEED OIL : World Supply and Demand Balance (1000 T),AN24992.HTM,RAPESEED OIL : World Supply and Demand Balance (1000 T),adopted,primary or auxiliary mapping source,annual or market-year,1000 T,完整市场年度或作物年度结构，且为固定范围内优先来源。
AN2499X1,AN2499X1,143,Commodity Section,Rapeseed oil,MONTHLY DATA: Rapeseed/Canola Oil Production of Major Countries (1000 T),AN2499X1.HTM,EU-27 : Rapeseed oil Production (1000 T),excluded,candidate not used,mixed/partial,1000 T,月度报表，不在本次完整市场年度范围。
AN2499X2,AN2499X2,144,Commodity Section,Rapeseed oil,MONTHLY DATA: Rapeseed/Canola Oil Exports of Major Countries (1000 T),AN2499X2.HTM,Belarus : Rapeseed oil Exports (1000 T),excluded,candidate not used,mixed/partial,1000 T,月度报表，不在本次完整市场年度范围。
AN2499X3,AN2499X3,145,Commodity Section,Rapeseed oil,MONTHLY DATA: Rapeseed/Canola Oil Imports of Major Countries (1000 T),AN2499X3.HTM,Norway : Rapeseed oil Imports (1000 T)(a),excluded,candidate not used,mixed/partial,1000 T,月度报表，不在本次完整市场年度范围。
AN2499X4,AN2499X4,146,Commodity Section,Rapeseed oil,MONTHLY DATA: EU-27 Rapeseed Oil Trade with non-EU Countries (1000 T),AN2499X4.HTM,EU-27 : Rapeseed oil Imports from non-EU Countries (1000 T),excluded,candidate not used,mixed/partial,1000 T,月度报表，不在本次完整市场年度范围。
AN26391,AN26391,161,Commodity Section,Palm oil,PALM OIL : Summary World Supply and Demand Balance - - Quarterly & Annual (1000 T),AN26391.HTM,PALM OIL : Summary World Supply and Demand Balance - - Quarterly & Annual (1000 T),excluded,candidate not used,mixed/partial,1000 T,季度与年度混合摘要；完整年度已有更细主表，避免误纳部分期间。
AN26392,AN26392,162,Commodity Section,Palm oil,PALM OIL : World Supply and Demand Balance (1000 T),AN26392.HTM,PALM OIL : World Supply and Demand Balance (1000 T),adopted,primary or auxiliary mapping source,annual or market-year,1000 T,完整市场年度或作物年度结构，且为固定范围内优先来源。
AN2639X1,AN2639X1,170,Commodity Section,Palm oil,"MONTHLY DATA: Malaysian Palm Oil Production, Exports & Stocks (1000 T)",AN2639X1.HTM,Malaysia : Palm oil Production (1000 T),excluded,candidate not used,mixed/partial,1000 T,月度报表，不在本次完整市场年度范围。
AN2639X2,AN2639X2,171,Commodity Section,Palm oil,"MONTHLY DATA: Indonesian Palm Oil Production, Exports & Stocks (1000 T)",AN2639X2.HTM,Indonesia : Palm oil Production (1000 T),excluded,candidate not used,mixed/partial,1000 T,月度报表，不在本次完整市场年度范围。
AN2639X3,AN2639X3,172,Commodity Section,Palm oil,MONTHLY DATA: Palm Oil Imports of Key Countries (1000 T),AN2639X3.HTM,Russia : Palm oil Imports (1000 T),excluded,candidate not used,mixed/partial,1000 T,月度报表，不在本次完整市场年度范围。
AN2639X4,AN2639X4,173,Commodity Section,Palm oil,MONTHLY DATA: EU-27 Palm Oil Trade with non-EU Countries (1000 T),AN2639X4.HTM,EU-27 : Palm oil Imports from non-EU Countries (1000 T),excluded,candidate not used,mixed/partial,1000 T,月度报表，不在本次完整市场年度范围。
AN33991,AN33991,248,Commodity Section,Soybean meal,SOYBEAN MEAL : Summary World Supply and Demand Balance - - - Quarterly & Annual (1000 T),AN33991.HTM,SOYBEAN MEAL : Summary World Supply and Demand Balance - - - Quarterly & Annual (1000 T),excluded,candidate not used,mixed/partial,1000 T,季度与年度混合摘要；完整年度已有更细主表，避免误纳部分期间。
AN33992,AN33992,249,Commodity Section,Soybean meal,SOYBEAN MEAL : World Supply and Demand Balance (1000 T),AN33992.HTM,SOYBEAN MEAL : World Supply and Demand Balance (1000 T),adopted,primary or auxiliary mapping source,annual or market-year,1000 T,完整市场年度或作物年度结构，且为固定范围内优先来源。
AN3399X1,AN3399X1,256,Commodity Section,Soybean meal,MONTHLY DATA: Soybean Meal Production of Major Countries (1000 T),AN3399X1.HTM,U.S.A. : Soybean meal Production (1000 T),excluded,candidate not used,mixed/partial,1000 T,月度报表，不在本次完整市场年度范围。
AN3399X2,AN3399X2,257,Commodity Section,Soybean meal,MONTHLY DATA: Soybean Meal Exports of Major Countries (1000 T),AN3399X2.HTM,U.S.A. : Soybean meal Exports (1000 T),excluded,candidate not used,mixed/partial,1000 T,月度报表，不在本次完整市场年度范围。
AN3399X3,AN3399X3,258,Commodity Section,Soybean meal,MONTHLY DATA: Soybean Meal Stocks of Major Countries (1000 T),AN3399X3.HTM,U.S.A. : Soybean meal End.stocks (1000 T)(ab),excluded,candidate not used,mixed/partial,1000 T,月度报表，不在本次完整市场年度范围。
AN34791,AN34791,273,Commodity Section,Sunflowermeal,SUNFLOWER MEAL : Summary World Supply and Demand Balance - - - Quarterly & Annual (1000 T),AN34791.HTM,SUNFLOWER MEAL : Summary World Supply and Demand Balance - - - Quarterly & Annual (1000 T),excluded,candidate not used,mixed/partial,1000 T,季度与年度混合摘要；完整年度已有更细主表，避免误纳部分期间。
AN34792,AN34792,274,Commodity Section,Sunflowermeal,SUNFLOWER MEAL : World Supply and Demand Balance (1000 T),AN34792.HTM,SUNFLOWER MEAL : World Supply and Demand Balance (1000 T),adopted,primary or auxiliary mapping source,annual or market-year,1000 T,完整市场年度或作物年度结构，且为固定范围内优先来源。
AN3479X1,AN3479X1,276,Commodity Section,Sunflowermeal,MONTHLY DATA: Sunflower Meal Exports of Major Countries (1000 T),AN3479X1.HTM,Russia : Sunflowermeal Exports (1000 T),excluded,candidate not used,mixed/partial,1000 T,月度报表，不在本次完整市场年度范围。
AN34991,AN34991,279,Commodity Section,Rapeseed meal,RAPESEED MEAL : Summary World Supply and Demand Balance - - - Quarterly & Annual (1000 T),AN34991.HTM,RAPESEED MEAL : Summary World Supply and Demand Balance - - - Quarterly & Annual (1000 T),excluded,candidate not used,mixed/partial,1000 T,季度与年度混合摘要；完整年度已有更细主表，避免误纳部分期间。
AN34992,AN34992,280,Commodity Section,Rapeseed meal,RAPESEED MEAL : World Supply and Demand Balance (1000 T),AN34992.HTM,RAPESEED MEAL : World Supply and Demand Balance (1000 T),adopted,primary or auxiliary mapping source,annual or market-year,1000 T,完整市场年度或作物年度结构，且为固定范围内优先来源。
AN3499X1,AN3499X1,282,Commodity Section,Rapeseed meal,MONTHLY DATA: Rapeseed Meal Exports of Major Countries (1000 T),AN3499X1.HTM,Belarus : Rapeseed meal Exports (1000 T),excluded,candidate not used,mixed/partial,1000 T,月度报表，不在本次完整市场年度范围。
AN049102,AN049102,336,Country Section,EU-27 - oilseeds,EU-27 : Summary of Soybean Supply & Demand (1000 T),AN049102.HTM,EU-27 : Summary of Soybean Supply & Demand (1000 T),excluded,candidate not used,annual or market-year,1000 T,贸易专题或重复辅助报表；优先使用国家平衡表或全球章节式主表。
AN049103,AN049103,337,Country Section,EU-27 - oilseeds,"EU - 27 : Soybean Supply & Demand, by Country (1000 T)",AN049103.HTM,"EU - 27 : Soybean Supply & Demand, by Country (1000 T)",excluded,candidate not used,annual or market-year,1000 T,贸易专题或重复辅助报表；优先使用国家平衡表或全球章节式主表。
AN049104,AN049104,338,Country Section,EU-27 - oilseeds,EU - 27 : Summary of Rapeseed Supply & Demand (1000 T),AN049104.HTM,EU - 27 : Summary of Rapeseed Supply & Demand (1000 T),adopted,primary or auxiliary mapping source,annual or market-year,1000 T,完整市场年度或作物年度结构，且为固定范围内优先来源。
AN049105,AN049105,339,Country Section,EU-27 - oilseeds,"EU - 27 : Rapeseed Supply & Demand, by Country (1000 T)",AN049105.HTM,"EU - 27 : Rapeseed Supply & Demand, by Country (1000 T)",excluded,candidate not used,annual or market-year,1000 T,贸易专题或重复辅助报表；优先使用国家平衡表或全球章节式主表。
AN049106,AN049106,340,Country Section,EU-27 - oilseeds,EU - 27 : Summary of Sunseed Supply & Demand (1000 T),AN049106.HTM,EU - 27 : Summary of Sunseed Supply & Demand (1000 T),adopted,primary or auxiliary mapping source,annual or market-year,1000 T,完整市场年度或作物年度结构，且为固定范围内优先来源。
AN049107,AN049107,341,Country Section,EU-27 - oilseeds,"EU - 27 : Sunseed Supply & Demand, by Country (1000 T)",AN049107.HTM,"EU - 27 : Sunseed Supply & Demand, by Country (1000 T)",excluded,candidate not used,annual or market-year,1000 T,贸易专题或重复辅助报表；优先使用国家平衡表或全球章节式主表。
AN049115,AN049115,346,Country Section,EU-27 - oilseeds,EU - 27 : Imports of Rapeseed from 3rd Countries (1000 T),AN049115.HTM,EU - 27 : Imports of Rapeseed from 3rd Countries (1000 T),excluded,candidate not used,annual or market-year,1000 T,贸易专题或重复辅助报表；优先使用国家平衡表或全球章节式主表。
AN049116,AN049116,347,Country Section,EU-27 - oilseeds,EU - 27 : Exports of Rapeseed to 3rd Countries (1000 T),AN049116.HTM,EU - 27 : Exports of Rapeseed to 3rd Countries (1000 T),excluded,candidate not used,annual or market-year,1000 T,贸易专题或重复辅助报表；优先使用国家平衡表或全球章节式主表。
AN049117,AN049117,348,Country Section,EU-27 - oilseeds,EU - 27 : Imports of Soybeans from 3rd Countries (1000 T),AN049117.HTM,EU - 27 : Imports of Soybeans from 3rd Countries (1000 T),excluded,candidate not used,annual or market-year,1000 T,贸易专题或重复辅助报表；优先使用国家平衡表或全球章节式主表。
AN049118,AN049118,349,Country Section,EU-27 - oilseeds,EU - 27 : Exports of Soybeans to 3rd Countries (1000 T),AN049118.HTM,EU - 27 : Exports of Soybeans to 3rd Countries (1000 T),excluded,candidate not used,annual or market-year,1000 T,贸易专题或重复辅助报表；优先使用国家平衡表或全球章节式主表。
AN049119,AN049119,350,Country Section,EU-27 - oilseeds,EU - 27 : Imports of Sunflowerseed from 3rd Countries (1000 T),AN049119.HTM,EU - 27 : Imports of Sunflowerseed from 3rd Countries (1000 T),excluded,candidate not used,annual or market-year,1000 T,贸易专题或重复辅助报表；优先使用国家平衡表或全球章节式主表。
AN049120,AN049120,351,Country Section,EU-27 - oilseeds,EU - 27 : Exports of Sunflowerseed to 3rd Countries (1000 T),AN049120.HTM,EU - 27 : Exports of Sunflowerseed to 3rd Countries (1000 T),excluded,candidate not used,annual or market-year,1000 T,贸易专题或重复辅助报表；优先使用国家平衡表或全球章节式主表。
AN049204,AN049204,357,Country Section,EU-27 - oils & fats,EU - 27 : Exports of Soybean Oil to 3rd Countries (1000 T),AN049204.HTM,EU - 27 : Exports of Soybean Oil to 3rd Countries (1000 T),excluded,candidate not used,annual or market-year,1000 T,贸易专题或重复辅助报表；优先使用国家平衡表或全球章节式主表。
AN049205,AN049205,358,Country Section,EU-27 - oils & fats,EU - 27 : Imports of Soybean Oil from 3rd Countries (1000 T),AN049205.HTM,EU - 27 : Imports of Soybean Oil from 3rd Countries (1000 T),excluded,candidate not used,annual or market-year,1000 T,贸易专题或重复辅助报表；优先使用国家平衡表或全球章节式主表。
AN049206,AN049206,359,Country Section,EU-27 - oils & fats,EU - 27 : Exports of Sunflower Oil to 3rd Countries (1000 T),AN049206.HTM,EU - 27 : Exports of Sunflower Oil to 3rd Countries (1000 T),excluded,candidate not used,annual or market-year,1000 T,贸易专题或重复辅助报表；优先使用国家平衡表或全球章节式主表。
AN049207,AN049207,360,Country Section,EU-27 - oils & fats,EU - 27 : Imports of Sunflower Oil from 3rd Countries (1000 T),AN049207.HTM,EU - 27 : Imports of Sunflower Oil from 3rd Countries (1000 T),excluded,candidate not used,annual or market-year,1000 T,贸易专题或重复辅助报表；优先使用国家平衡表或全球章节式主表。
AN049208,AN049208,361,Country Section,EU-27 - oils & fats,EU - 27 : Exports of Rapeseed Oil to 3rd Countries (1000 T),AN049208.HTM,EU - 27 : Exports of Rapeseed Oil to 3rd Countries (1000 T),excluded,candidate not used,annual or market-year,1000 T,贸易专题或重复辅助报表；优先使用国家平衡表或全球章节式主表。
AN049209,AN049209,362,Country Section,EU-27 - oils & fats,EU - 27 : Imports of Rapeseed Oil from 3rd Countries (1000 T),AN049209.HTM,EU - 27 : Imports of Rapeseed Oil from 3rd Countries (1000 T),excluded,candidate not used,annual or market-year,1000 T,贸易专题或重复辅助报表；优先使用国家平衡表或全球章节式主表。
AN049210,AN049210,363,Country Section,EU-27 - oils & fats,EU - 27 : Imports of Palm Oil from 3rd Countries (1000 T),AN049210.HTM,EU - 27 : Imports of Palm Oil from 3rd Countries (1000 T),excluded,candidate not used,annual or market-year,1000 T,贸易专题或重复辅助报表；优先使用国家平衡表或全球章节式主表。
AN049304,AN049304,376,Country Section,EU-27 - oilmeals,EU - 27 : Imports of Soybean Meal from 3rd Countries (1000 T),AN049304.HTM,EU - 27 : Imports of Soybean Meal from 3rd Countries (1000 T),excluded,candidate not used,annual or market-year,1000 T,贸易专题或重复辅助报表；优先使用国家平衡表或全球章节式主表。
AN049305,AN049305,377,Country Section,EU-27 - oilmeals,EU - 27 : Exports of Soybean Meal to 3rd Countries (1000 T),AN049305.HTM,EU - 27 : Exports of Soybean Meal to 3rd Countries (1000 T),excluded,candidate not used,annual or market-year,1000 T,贸易专题或重复辅助报表；优先使用国家平衡表或全球章节式主表。
AN049306,AN049306,378,Country Section,EU-27 - oilmeals,EU - 27 : Imports of Sunflower Meal from 3rd Countries (1000 T),AN049306.HTM,EU - 27 : Imports of Sunflower Meal from 3rd Countries (1000 T),excluded,candidate not used,annual or market-year,1000 T,贸易专题或重复辅助报表；优先使用国家平衡表或全球章节式主表。
AN049307,AN049307,379,Country Section,EU-27 - oilmeals,EU - 27 : Imports of Rapeseed Meal from 3rd Countries (1000 T),AN049307.HTM,EU - 27 : Imports of Rapeseed Meal from 3rd Countries (1000 T),excluded,candidate not used,annual or market-year,1000 T,贸易专题或重复辅助报表；优先使用国家平衡表或全球章节式主表。
AN17501,AN17501,438,Country Section,Russia,RUSSIA : Sunflowerseed Balance (1000 T),AN17501.HTM,RUSSIA : Sunflowerseed Balance (1000 T),adopted,primary or auxiliary mapping source,annual or market-year,1000 T,完整市场年度或作物年度结构，且为固定范围内优先来源。
AN17502,AN17502,439,Country Section,Russia,RUSSIA : Soybean Balance (1000 T),AN17502.HTM,RUSSIA : Soybean Balance (1000 T),excluded,candidate not used,annual or market-year,1000 T,贸易专题或重复辅助报表；优先使用国家平衡表或全球章节式主表。
AN17503,AN17503,440,Country Section,Russia,RUSSIA : Rapeseed Balance (1000 T),AN17503.HTM,RUSSIA : Rapeseed Balance (1000 T),adopted,primary or auxiliary mapping source,annual or market-year,1000 T,完整市场年度或作物年度结构，且为固定范围内优先来源。
AN18101,AN18101,448,Country Section,Ukraine,UKRAINE : Sunflowerseed Balance (1000 T),AN18101.HTM,UKRAINE : Sunflowerseed Balance (1000 T),adopted,primary or auxiliary mapping source,annual or market-year,1000 T,完整市场年度或作物年度结构，且为固定范围内优先来源。
AN18103,AN18103,449,Country Section,Ukraine,UKRAINE : Rapeseed Balance (1000 T),AN18103.HTM,UKRAINE : Rapeseed Balance (1000 T),adopted,primary or auxiliary mapping source,annual or market-year,1000 T,完整市场年度或作物年度结构，且为固定范围内优先来源。
AN18104,AN18104,450,Country Section,Ukraine,UKRAINE : Soybean Balance (1000 T),AN18104.HTM,UKRAINE : Soybean Balance (1000 T),excluded,candidate not used,annual or market-year,1000 T,贸易专题或重复辅助报表；优先使用国家平衡表或全球章节式主表。
AN40001,AN40001,498,Country Section,Canada,CANADA : Rapeseed/Canola Balance (1000 T),AN40001.HTM,CANADA : Rapeseed/Canola Balance (1000 T),adopted,primary or auxiliary mapping source,annual or market-year,1000 T,完整市场年度或作物年度结构，且为固定范围内优先来源。
AN40002,AN40002,499,Country Section,Canada,CANADA : Soybean Balance (1000 T),AN40002.HTM,CANADA : Soybean Balance (1000 T),excluded,candidate not used,annual or market-year,1000 T,贸易专题或重复辅助报表；优先使用国家平衡表或全球章节式主表。
AN40004,AN40004,501,Country Section,Canada,CANADA : Sunflowerseed Balance (1000 T),AN40004.HTM,CANADA : Sunflowerseed Balance (1000 T),excluded,candidate not used,annual or market-year,1000 T,贸易专题或重复辅助报表；优先使用国家平衡表或全球章节式主表。
AN40502A,AN40502A,510,Country Section,U.S.A.,U.S.A. : Soybean Balance (million bu),AN40502A.HTM,U.S.A. : Soybean Balance (million bu),excluded,candidate not used,annual or market-year,various / see rows,贸易专题或重复辅助报表；优先使用国家平衡表或全球章节式主表。
AN40502B,AN40502B,511,Country Section,U.S.A.,U.S.A. : Soybean Balance (1000 T),AN40502B.HTM,U.S.A. : Soybean Balance (1000 T),adopted,primary or auxiliary mapping source,annual or market-year,1000 T,完整市场年度或作物年度结构，且为固定范围内优先来源。
AN40504,AN40504,513,Country Section,U.S.A.,U.S.A. : Sunflowerseed Balance (1000 T),AN40504.HTM,U.S.A. : Sunflowerseed Balance (1000 T),excluded,candidate not used,annual or market-year,1000 T,贸易专题或重复辅助报表；优先使用国家平衡表或全球章节式主表。
AN40505,AN40505,514,Country Section,U.S.A.,U.S.A. : Rapeseed/Canola Balance (1000 T),AN40505.HTM,U.S.A. : Rapeseed/Canola Balance (1000 T),excluded,candidate not used,annual or market-year,1000 T,贸易专题或重复辅助报表；优先使用国家平衡表或全球章节式主表。
AN40568,AN40568,521,Country Section,U.S.A.,U.S.A.: Exports of Soybean Meal until April 2026 (1000 T),AN40568.HTM,U.S.A.: Exports of Soybean Meal April 2026 (1000 T),excluded,candidate not used,mixed/partial,1000 T,截至某月的累计/部分年度报表，不是完整市场年度。
AN50001,AN50001,540,Country Section,Argentina,ARGENTINA : Soybean Balance (1000 T),AN50001.HTM,ARGENTINA : Soybean Balance (1000 T),adopted,primary or auxiliary mapping source,annual or market-year,1000 T,完整市场年度或作物年度结构，且为固定范围内优先来源。
AN50002,AN50002,541,Country Section,Argentina,ARGENTINA : Sunflowerseed Balance (1000 T),AN50002.HTM,ARGENTINA : Sunflowerseed Balance (1000 T),adopted,conflict evidence / primary country topic,annual or market-year,1000 T,保留为同国家主报表线索，但Jan–Dec自然年不得进入市场年度矩阵。
AN50068,AN50068,546,Country Section,Argentina,"ARGENTINA: Exports of Soybeans, Soya Oil and Meal until May 2026 (1000 T)",AN50068.HTM,"ARGENTINA: Exports of Soybeans, Soya Oil and Meal until May 2026 (1000 T)",excluded,candidate not used,mixed/partial,1000 T,截至某月的累计/部分年度报表，不是完整市场年度。
AN50069,AN50069,547,Country Section,Argentina,"ARGENTINA: Exports of Sunseed, Sun Oil and Meal until May 2026 (1000 T)",AN50069.HTM,"ARGENTINA: Exports of Sunseed, Sun Oil and Meal until May 2026 (1000 T)",excluded,candidate not used,mixed/partial,1000 T,截至某月的累计/部分年度报表，不是完整市场年度。
AN51000A,AN51000A,556,Country Section,Brazil,BRAZIL: Soybean Balance (1000 ),AN51000A.HTM,BRAZIL: Soybean Balance (1000 ),adopted,conflict evidence / primary country topic,annual or market-year,1000 T,保留为同国家主报表线索，但Jan–Dec自然年不得进入市场年度矩阵。
AN62801,AN62801,609,Country Section,"China,PR","CHINA,PR: Soybean Balance (1000 T)",AN62801.HTM,"CHINA,PR: Soybean Balance (1000 T)",adopted,primary or auxiliary mapping source,annual or market-year,1000 T,完整市场年度或作物年度结构，且为固定范围内优先来源。
AN62802,AN62802,610,Country Section,"China,PR","CHINA,PR : Rapeseed Balance (1000 T)",AN62802.HTM,"CHINA,PR : Rapeseed Balance (1000 T)",adopted,primary or auxiliary mapping source,annual or market-year,1000 T,完整市场年度或作物年度结构，且为固定范围内优先来源。
AN64001,AN64001,627,Country Section,India,INDIA : Soybean Balance (1000 T),AN64001.HTM,INDIA : Soybean Balance (1000 T),excluded,candidate not used,annual or market-year,1000 T,贸易专题或重复辅助报表；优先使用国家平衡表或全球章节式主表。
AN64004,AN64004,630,Country Section,India,INDIA : Rapeseed Balance (1000 T),AN64004.HTM,INDIA : Rapeseed Balance (1000 T),excluded,candidate not used,annual or market-year,1000 T,贸易专题或重复辅助报表；优先使用国家平衡表或全球章节式主表。
AN64402,AN64402,644,Country Section,Indonesia,INDONESIA : Palm oil Balance (1000 T),AN64402.HTM,INDONESIA : Palm oil Balance (1000 T),excluded,candidate not used,annual or market-year,1000 T,Indonesia/Malaysia国家表为Jan–Dec自然年；Palm Oil主映射采用AN26392 Oct–Sept。
AN64405,AN64405,646,Country Section,Indonesia,"INDONESIA: Mature Area, Yields and Production of Palm Oil",AN64405.HTM,"INDONESIA: Mature Area, Yields and Production of Palm Oil",excluded,candidate not used,annual or market-year,various / see rows,成熟面积/单产为Jan–Dec且Palm Oil按产品处理，Area/Yield在固定标准指标中不适用。
AN64469,AN64469,652,Country Section,Indonesia,INDONESIA : Exports of Palm Oil until April 2026 (1000 T),AN64469.HTM,INDONESIA : Exports of Palm Oil until April 2026 (1000 T),excluded,candidate not used,mixed/partial,1000 T,截至某月的累计/部分年度报表，不是完整市场年度。
AN70402,AN70402,675,Country Section,Malaysia,MALAYSIA : Palm oil Balance (1000 T),AN70402.HTM,MALAYSIA : Palm oil Balance (1000 T),excluded,candidate not used,annual or market-year,1000 T,Indonesia/Malaysia国家表为Jan–Dec自然年；Palm Oil主映射采用AN26392 Oct–Sept。
AN70403,AN70403,676,Country Section,Malaysia,"MALAYSIA: Mature Area, Yields and Production of Palm Oil",AN70403.HTM,"MALAYSIA: Mature Area, Yields and Production of Palm Oil",excluded,candidate not used,annual or market-year,various / see rows,成熟面积/单产为Jan–Dec且Palm Oil按产品处理，Area/Yield在固定标准指标中不适用。
AN70467,AN70467,681,Country Section,Malaysia,MALAYSIA: Exports of Palm Oil until May 2026 (1000 T),AN70467.HTM,MALAYSIA: Exports of Palm Oil until May 2026 (1000 T),excluded,candidate not used,mixed/partial,1000 T,截至某月的累计/部分年度报表，不是完整市场年度。
AN80501,AN80501,733,Country Section,Australia,AUSTRALIA : Rapeseed Balance (1000 T),AN80501.HTM,AUSTRALIA : Rapeseed Balance (1000 T),adopted,primary or auxiliary mapping source,annual or market-year,1000 T,完整市场年度或作物年度结构，且为固定范围内优先来源。
